Year,Rank,Movie Name,MovieURL,Gross,Theaters,Total Gross,Release Date
2023,1,Barbie,https://www.boxofficemojo.com/release/rl1077904129/?ref_=bo_yld_table_1,,,"$636,225,983","4,337"
2023,2,The Super Mario Bros. Movie,https://www.boxofficemojo.com/release/rl1930593025/?ref_=bo_yld_table_2,,,"$574,934,330","4,371"
2023,3,Spider-Man: Across the Spider-Verse,https://www.boxofficemojo.com/release/rl2812183041/?ref_=bo_yld_table_3,,,"$381,311,319","4,332"
2023,4,Guardians of the Galaxy Vol. 3,https://www.boxofficemojo.com/release/rl2977202945/?ref_=bo_yld_table_4,,,"$358,995,815","4,450"
2023,5,Oppenheimer,https://www.boxofficemojo.com/release/rl3725886209/?ref_=bo_yld_table_5,,,"$326,101,370","3,761"
2023,6,The Little Mermaid,https://www.boxofficemojo.com/release/rl1913750273/?ref_=bo_yld_table_6,,,"$298,172,056","4,320"
2023,7,Avatar: The Way of Water,https://www.boxofficemojo.com/release/rl3372254721/?ref_=bo_yld_table_7,,,"$283,067,859","4,340"
2023,8,Ant-Man and the Wasp: Quantumania,https://www.boxofficemojo.com/release/rl3195306753/?ref_=bo_yld_table_8,,,"$214,504,909","4,345"
2023,9,John Wick: Chapter 4,https://www.boxofficemojo.com/release/rl1644725761/?ref_=bo_yld_table_9,,,"$187,131,806","3,855"
2023,10,Sound of Freedom,https://www.boxofficemojo.com/release/rl4254237441/?ref_=bo_yld_table_10,,,"$184,177,725","3,411"
2023,11,Taylor Swift: The Eras Tour,https://www.boxofficemojo.com/release/rl4054352641/?ref_=bo_yld_table_11,,,"$179,817,571","3,855"
2023,12,Indiana Jones and the Dial of Destiny,https://www.boxofficemojo.com/release/rl2776598017/?ref_=bo_yld_table_12,,,"$174,480,468","4,600"
2023,13,Mission: Impossible - Dead Reckoning Part One,https://www.boxofficemojo.com/release/rl1896449537/?ref_=bo_yld_table_13,,,"$172,135,383","4,327"
2023,14,The Hunger Games: The Ballad of Songbirds & Snakes,https://www.boxofficemojo.com/release/rl1262387969/?ref_=bo_yld_table_14,,,"$159,719,625","3,776"
2023,15,Transformers: Rise of the Beasts,https://www.boxofficemojo.com/release/rl1606320641/?ref_=bo_yld_table_15,,,"$157,066,392","3,680"
2023,16,Creed III,https://www.boxofficemojo.com/release/rl1713734401/?ref_=bo_yld_table_16,,,"$156,248,615","4,007"
2023,17,Elemental,https://www.boxofficemojo.com/release/rl1811383041/?ref_=bo_yld_table_17,,,"$154,426,697","4,035"
2023,18,Fast X,https://www.boxofficemojo.com/release/rl209683969/?ref_=bo_yld_table_18,,,"$146,126,015","4,088"
2023,19,Five Nights at Freddy's,https://www.boxofficemojo.com/release/rl764248833/?ref_=bo_yld_table_19,,,"$137,275,620","3,789"
2023,20,Wonka,https://www.boxofficemojo.com/release/rl2942927617/?ref_=bo_yld_table_20,,,"$133,129,902","4,213"
2023,21,Puss in Boots: The Last Wish,https://www.boxofficemojo.com/release/rl3899622145/?ref_=bo_yld_table_21,,,"$130,425,380","4,121"
2023,22,Teenage Mutant Ninja Turtles: Mutant Mayhem,https://www.boxofficemojo.com/release/rl393904897/?ref_=bo_yld_table_22,,,"$118,613,586","3,950"
2023,23,Scream VI,https://www.boxofficemojo.com/release/rl1714914049/?ref_=bo_yld_table_23,,,"$108,161,389","3,676"
2023,24,The Flash,https://www.boxofficemojo.com/release/rl2225635841/?ref_=bo_yld_table_24,,,"$108,133,313","4,256"
2023,25,Trolls Band Together,https://www.boxofficemojo.com/release/rl577798913/?ref_=bo_yld_table_25,,,"$96,370,205","3,893"
2023,26,M3GAN,https://www.boxofficemojo.com/release/rl1110147841/?ref_=bo_yld_table_26,,,"$95,159,005","3,628"
2023,27,Dungeons & Dragons: Honor Among Thieves,https://www.boxofficemojo.com/release/rl1879410177/?ref_=bo_yld_table_27,,,"$93,277,026","3,856"
2023,28,The Equalizer 3,https://www.boxofficemojo.com/release/rl1430029057/?ref_=bo_yld_table_28,,,"$92,373,751","3,965"
2023,29,The Nun II,https://www.boxofficemojo.com/release/rl1339523841/?ref_=bo_yld_table_29,,,"$86,267,073","3,743"
2023,30,The Marvels,https://www.boxofficemojo.com/release/rl247366145/?ref_=bo_yld_table_30,,,"$84,479,155","4,030"
2023,31,Meg 2: The Trench,https://www.boxofficemojo.com/release/rl3090514689/?ref_=bo_yld_table_31,,,"$82,600,317","3,604"
2023,32,Insidious: The Red Door,https://www.boxofficemojo.com/release/rl1137607425/?ref_=bo_yld_table_32,,,"$82,156,962","3,188"
2023,33,Aquaman and the Lost Kingdom,https://www.boxofficemojo.com/release/rl3003745793/?ref_=bo_yld_table_33,,,"$76,469,713","3,787"
2023,34,Blue Beetle,https://www.boxofficemojo.com/release/rl3693445889/?ref_=bo_yld_table_34,,,"$72,488,072","3,871"
2023,35,Haunted Mansion,https://www.boxofficemojo.com/release/rl707822337/?ref_=bo_yld_table_35,,,"$67,653,287","3,740"
2023,36,Killers of the Flower Moon,https://www.boxofficemojo.com/release/rl629703425/?ref_=bo_yld_table_36,,,"$67,292,161","3,786"
2023,37,Evil Dead Rise,https://www.boxofficemojo.com/release/rl1289192193/?ref_=bo_yld_table_37,,,"$67,233,054","3,417"
2023,38,The Exorcist: Believer,https://www.boxofficemojo.com/release/rl2047378177/?ref_=bo_yld_table_38,,,"$65,537,395","3,684"
2023,39,PAW Patrol: The Mighty Movie,https://www.boxofficemojo.com/release/rl3038479105/?ref_=bo_yld_table_39,,,"$65,231,360","4,027"
2023,40,Cocaine Bear,https://www.boxofficemojo.com/release/rl2503901953/?ref_=bo_yld_table_40,,,"$64,670,240","3,571"
2023,41,A Man Called Otto,https://www.boxofficemojo.com/release/rl3442377473/?ref_=bo_yld_table_41,,,"$64,228,358","3,957"
2023,42,Wish,https://www.boxofficemojo.com/release/rl3097657857/?ref_=bo_yld_table_42,,,"$60,609,147","3,900"
2023,43,Napoleon,https://www.boxofficemojo.com/release/rl2710274817/?ref_=bo_yld_table_43,,,"$60,512,228","3,500"
2023,44,Shazam! Fury of the Gods,https://www.boxofficemojo.com/release/rl162234881/?ref_=bo_yld_table_44,,,"$57,638,006","4,071"
2023,45,Migration,https://www.boxofficemojo.com/release/rl83920385/?ref_=bo_yld_table_45,,,"$54,103,955","3,839"
2023,46,Saw X,https://www.boxofficemojo.com/release/rl1926595329/?ref_=bo_yld_table_46,,,"$53,607,898","3,262"
2023,47,Air,https://www.boxofficemojo.com/release/rl2106295041/?ref_=bo_yld_table_47,,,"$52,460,106","3,507"
2023,48,Jesus Revolution,https://www.boxofficemojo.com/release/rl466125569/?ref_=bo_yld_table_48,,,"$52,102,987","2,575"
2023,49,No Hard Feelings,https://www.boxofficemojo.com/release/rl4174349057/?ref_=bo_yld_table_49,,,"$50,452,282","3,208"
2023,50,Talk to Me,https://www.boxofficemojo.com/release/rl3548742401/?ref_=bo_yld_table_50,,,"$48,299,436","2,379"
2023,51,Godzilla Minus One,https://www.boxofficemojo.com/release/rl1285456641/?ref_=bo_yld_table_51,,,"$45,580,412","2,622"
2023,52,Gran Turismo,https://www.boxofficemojo.com/release/rl3788079873/?ref_=bo_yld_table_52,,,"$44,428,554","3,856"
2023,53,The Color Purple,https://www.boxofficemojo.com/release/rl577012481/?ref_=bo_yld_table_53,,,"$44,047,642","3,218"
2023,54,The Boogeyman,https://www.boxofficemojo.com/release/rl3958932225/?ref_=bo_yld_table_54,,,"$43,244,282","3,205"
2023,55,A Haunting in Venice,https://www.boxofficemojo.com/release/rl216040193/?ref_=bo_yld_table_55,,,"$42,471,412","3,305"
2023,56,The Creator,https://www.boxofficemojo.com/release/rl3888743169/?ref_=bo_yld_table_56,,,"$40,774,679","3,680"
2023,57,80 for Brady,https://www.boxofficemojo.com/release/rl3470820097/?ref_=bo_yld_table_57,,,"$39,330,588","3,939"
2023,58,The Boy and the Heron,https://www.boxofficemojo.com/release/rl4222321409/?ref_=bo_yld_table_58,,,"$35,846,555","2,325"
2023,59,Knock at the Cabin,https://www.boxofficemojo.com/release/rl3793191681/?ref_=bo_yld_table_59,,,"$35,397,980","3,657"
2023,60,Renaissance: A Film by Beyoncé,https://www.boxofficemojo.com/release/rl347177729/?ref_=bo_yld_table_60,,,"$33,223,373","2,542"
2023,61,Missing,https://www.boxofficemojo.com/release/rl3403318017/?ref_=bo_yld_table_61,,,"$32,502,025","3,025"
2023,62,Plane,https://www.boxofficemojo.com/release/rl1992983297/?ref_=bo_yld_table_62,,,"$32,111,181","3,060"
2023,63,65,https://www.boxofficemojo.com/release/rl4235821825/?ref_=bo_yld_table_63,,,"$32,062,904","3,405"
2023,64,Thanksgiving,https://www.boxofficemojo.com/release/rl2760606465/?ref_=bo_yld_table_64,,,"$31,800,773","3,204"
2023,65,My Big Fat Greek Wedding 3,https://www.boxofficemojo.com/release/rl780174081/?ref_=bo_yld_table_65,,,"$28,496,030","3,678"
2023,66,Asteroid City,https://www.boxofficemojo.com/release/rl1592820481/?ref_=bo_yld_table_66,,,"$28,153,025","1,901"
2023,67,Magic Mike's Last Dance,https://www.boxofficemojo.com/release/rl503218945/?ref_=bo_yld_table_67,,,"$26,005,156","3,034"
2023,68,Anyone But You,https://www.boxofficemojo.com/release/rl3616572161/?ref_=bo_yld_table_68,,,"$24,837,385","3,055"
2023,69,Strays,https://www.boxofficemojo.com/release/rl3174007553/?ref_=bo_yld_table_69,,,"$23,988,885","3,232"
2023,70,The Boys in the Boat,https://www.boxofficemojo.com/release/rl43614977/?ref_=bo_yld_table_70,,,"$21,998,472","2,687"
2023,71,Priscilla,https://www.boxofficemojo.com/release/rl1218675457/?ref_=bo_yld_table_71,,,"$20,900,492","2,361"
2023,72,"Are You There God? It's Me, Margaret.",https://www.boxofficemojo.com/release/rl4079649537/?ref_=bo_yld_table_72,,,"$20,372,406","3,343"
2023,73,The Pope's Exorcist,https://www.boxofficemojo.com/release/rl1187939073/?ref_=bo_yld_table_73,,,"$20,009,380","3,178"
2023,74,The Holdovers,https://www.boxofficemojo.com/release/rl92504833/?ref_=bo_yld_table_74,,,"$18,208,655","1,601"
2023,75,The Blackening,https://www.boxofficemojo.com/release/rl2565833473/?ref_=bo_yld_table_75,,,"$17,707,207","1,775"
2023,76,Book Club: The Next Chapter,https://www.boxofficemojo.com/release/rl1943044865/?ref_=bo_yld_table_76,,,"$17,581,565","3,513"
2023,77,Pathaan,https://www.boxofficemojo.com/release/rl1474921217/?ref_=bo_yld_table_77,,,"$17,487,476",697
2023,78,Black Panther: Wakanda Forever,https://www.boxofficemojo.com/release/rl3573908993/?ref_=bo_yld_table_78,,,"$17,329,414","4,396"
2023,79,Renfield,https://www.boxofficemojo.com/release/rl590381825/?ref_=bo_yld_table_79,,,"$17,297,895","3,378"
2023,80,The Blind,https://www.boxofficemojo.com/release/rl2123662081/?ref_=bo_yld_table_80,,,"$17,265,487","1,715"
2023,81,The Covenant,https://www.boxofficemojo.com/release/rl1928692481/?ref_=bo_yld_table_81,,,"$16,938,039","2,631"
2023,82,The Expendables 4,https://www.boxofficemojo.com/release/rl2783019777/?ref_=bo_yld_table_82,,,"$16,710,153","3,518"
2023,83,Champions,https://www.boxofficemojo.com/release/rl2395767553/?ref_=bo_yld_table_83,,,"$16,397,335","3,039"
2023,84,The Iron Claw,https://www.boxofficemojo.com/release/rl1537442561/?ref_=bo_yld_table_84,,,"$15,964,922","2,794"
2023,85,Ruby Gillman: Teenage Kraken,https://www.boxofficemojo.com/release/rl176587521/?ref_=bo_yld_table_85,,,"$15,753,600","3,408"
2023,86,Jawan,https://www.boxofficemojo.com/release/rl2106360577/?ref_=bo_yld_table_86,,,"$15,198,530",826
2023,87,"Titanic
25 Year Anniversary",https://www.boxofficemojo.com/release/rl3167650561/?ref_=bo_yld_table_87,,,"$15,033,795","2,464"
2023,88,Animal,https://www.boxofficemojo.com/release/rl3300557569/?ref_=bo_yld_table_88,,,"$14,772,820",698
2023,89,Dumb Money,https://www.boxofficemojo.com/release/rl3028583169/?ref_=bo_yld_table_89,,,"$13,925,356","2,837"
2023,90,The Last Voyage of the Demeter,https://www.boxofficemojo.com/release/rl2382856961/?ref_=bo_yld_table_90,,,"$13,637,180","2,715"
2023,91,Joy Ride,https://www.boxofficemojo.com/release/rl2732688129/?ref_=bo_yld_table_91,,,"$12,897,789","2,820"
2023,92,His Only Son,https://www.boxofficemojo.com/release/rl528515841/?ref_=bo_yld_table_92,,,"$12,392,740","1,930"
2023,93,The Whale,https://www.boxofficemojo.com/release/rl4040786689/?ref_=bo_yld_table_93,,,"$12,129,434","1,721"
2023,94,About My Father,https://www.boxofficemojo.com/release/rl2950791937/?ref_=bo_yld_table_94,,,"$12,089,391","2,464"
2023,95,Bottoms,https://www.boxofficemojo.com/release/rl93946625/?ref_=bo_yld_table_95,,,"$12,036,071","1,265"
2023,96,The Shift,https://www.boxofficemojo.com/release/rl2219016193/?ref_=bo_yld_table_96,,,"$11,925,234","2,450"
2023,97,After Death,https://www.boxofficemojo.com/release/rl1236108033/?ref_=bo_yld_table_97,,,"$11,477,621","2,730"
2023,98,Saltburn,https://www.boxofficemojo.com/release/rl104955905/?ref_=bo_yld_table_98,,,"$11,256,512","1,566"
2023,99,Past Lives,https://www.boxofficemojo.com/release/rl3498410753/?ref_=bo_yld_table_99,,,"$11,031,696",906
2023,100,Suzume,https://www.boxofficemojo.com/release/rl2163311361/?ref_=bo_yld_table_100,,,"$10,932,037","2,170"
2023,101,Ferrari,https://www.boxofficemojo.com/release/rl390496257/?ref_=bo_yld_table_101,,,"$10,778,480","2,386"
2023,102,The Machine,https://www.boxofficemojo.com/release/rl3287778049/?ref_=bo_yld_table_102,,,"$10,458,331","2,409"
2023,103,Whitney Houston: I Wanna Dance with Somebody,https://www.boxofficemojo.com/release/rl101810945/?ref_=bo_yld_table_103,,,"$10,451,167","3,625"
2023,104,Poor Things,https://www.boxofficemojo.com/release/rl3566306049/?ref_=bo_yld_table_104,,,"$10,269,036","2,300"
2023,105,"The Nightmare Before Christmas
30th Anniversary Re-Release",https://www.boxofficemojo.com/release/rl2880799489/?ref_=bo_yld_table_105,,,"$10,251,956","2,185"
2023,106,Demon Slayer: Kimetsu No Yaiba - To the Swordsmith Village,https://www.boxofficemojo.com/release/rl3313664769/?ref_=bo_yld_table_106,,,"$10,117,806","1,774"
2023,107,House Party,https://www.boxofficemojo.com/release/rl1456964353/?ref_=bo_yld_table_107,,,"$9,002,247","1,400"
2023,108,Radical,https://www.boxofficemojo.com/release/rl1335788289/?ref_=bo_yld_table_108,,,"$8,636,299",534
2023,109,Salaar,https://www.boxofficemojo.com/release/rl2487451649/?ref_=bo_yld_table_109,,,"$8,268,997",802
2023,110,Silent Night,https://www.boxofficemojo.com/release/rl1018987265/?ref_=bo_yld_table_110,,,"$7,996,185","1,873"
2023,111,Beau Is Afraid,https://www.boxofficemojo.com/release/rl1022984961/?ref_=bo_yld_table_111,,,"$7,740,323","2,125"
2023,112,The Hill,https://www.boxofficemojo.com/release/rl1476166401/?ref_=bo_yld_table_112,,,"$7,665,865","1,703"
2023,113,Sisu,https://www.boxofficemojo.com/release/rl2306900737/?ref_=bo_yld_table_113,,,"$7,265,622","1,006"
2023,114,"Star Wars: Episode VI - Return of the Jedi
2023 Re-release",https://www.boxofficemojo.com/release/rl1133413121/?ref_=bo_yld_table_114,,,"$7,259,924",475
2023,115,Everything Everywhere All at Once,https://www.boxofficemojo.com/release/rl3861218049/?ref_=bo_yld_table_115,,,"$7,183,197","2,220"
2023,116,Dunki,https://www.boxofficemojo.com/release/rl2847769345/?ref_=bo_yld_table_116,,,"$7,160,815",650
2023,117,"Coraline
2023 Re-release (remastered)",https://www.boxofficemojo.com/release/rl3214443265/?ref_=bo_yld_table_117,,,"$7,149,366","1,469"
2023,118,Retribution,https://www.boxofficemojo.com/release/rl178029313/?ref_=bo_yld_table_118,,,"$6,937,696","1,750"
2023,119,Journey to Bethlehem,https://www.boxofficemojo.com/release/rl330924801/?ref_=bo_yld_table_119,,,"$6,816,475","2,002"
2023,120,Next Goal Wins,https://www.boxofficemojo.com/release/rl3805971201/?ref_=bo_yld_table_120,,,"$6,713,826","2,240"
2023,121,Operation Fortune: Ruse de Guerre,https://www.boxofficemojo.com/release/rl3305145089/?ref_=bo_yld_table_121,,,"$6,496,125","2,168"
2023,122,BTS: Yet to Come in Cinemas,https://www.boxofficemojo.com/release/rl1828487937/?ref_=bo_yld_table_122,,,"$6,350,496","1,210"
2023,123,Babylon,https://www.boxofficemojo.com/release/rl2308997633/?ref_=bo_yld_table_123,,,"$6,268,558","3,351"
2023,124,Love Again,https://www.boxofficemojo.com/release/rl4031233/?ref_=bo_yld_table_124,,,"$6,230,837","2,703"
2023,125,Dream Scenario,https://www.boxofficemojo.com/release/rl2292482817/?ref_=bo_yld_table_125,,,"$5,615,011","1,578"
2023,126,The Fabelmans,https://www.boxofficemojo.com/release/rl337871617/?ref_=bo_yld_table_126,,,"$5,541,550","1,962"
2023,127,The Chosen Season 3 Finale,https://www.boxofficemojo.com/release/rl1308394241/?ref_=bo_yld_table_127,,,"$5,525,069","1,979"
2023,128,Nefarious,https://www.boxofficemojo.com/release/rl1073644289/?ref_=bo_yld_table_128,,,"$5,433,685",933
2023,129,Big George Foreman,https://www.boxofficemojo.com/release/rl135365377/?ref_=bo_yld_table_129,,,"$5,426,772","3,054"
2023,130,Waitress: The Musical,https://www.boxofficemojo.com/release/rl306479105/?ref_=bo_yld_table_130,,,"$5,402,148","1,214"
2023,131,Tiger 3,https://www.boxofficemojo.com/release/rl2410840833/?ref_=bo_yld_table_131,,,"$5,365,263",779
2023,132,Women Talking,https://www.boxofficemojo.com/release/rl784827137/?ref_=bo_yld_table_132,,,"$5,321,627",707
2023,133,Freelance,https://www.boxofficemojo.com/release/rl329679617/?ref_=bo_yld_table_133,,,"$5,314,136","2,057"
2023,134,Infinity Pool,https://www.boxofficemojo.com/release/rl4009329409/?ref_=bo_yld_table_134,,,"$5,078,400","1,835"
2023,135,"Hocus Pocus
30th Anniversary re-release",https://www.boxofficemojo.com/release/rl1018200833/?ref_=bo_yld_table_135,,,"$4,929,004","1,430"
2023,136,You Hurt My Feelings,https://www.boxofficemojo.com/release/rl3699737345/?ref_=bo_yld_table_136,,,"$4,830,788",912
2023,137,Kandahar,https://www.boxofficemojo.com/release/rl1375503105/?ref_=bo_yld_table_137,,,"$4,813,132","2,105"
2023,138,Golda,https://www.boxofficemojo.com/release/rl3656090369/?ref_=bo_yld_table_138,,,"$4,801,781",883
2023,139,It Lives Inside,https://www.boxofficemojo.com/release/rl1487897345/?ref_=bo_yld_table_139,,,"$4,675,092","2,005"
2023,140,Hypnotic,https://www.boxofficemojo.com/release/rl982024961/?ref_=bo_yld_table_140,,,"$4,500,169","2,118"
2023,141,"Stop Making Sense
2023 Re-release",https://www.boxofficemojo.com/release/rl933921537/?ref_=bo_yld_table_141,,,"$4,481,445",786
2023,142,Marlowe,https://www.boxofficemojo.com/release/rl1593606913/?ref_=bo_yld_table_142,,,"$4,350,243","2,281"
2023,143,The Amazing Maurice,https://www.boxofficemojo.com/release/rl317883137/?ref_=bo_yld_table_143,,,"$4,303,645","1,717"
2023,144,Mummies,https://www.boxofficemojo.com/release/rl2532410113/?ref_=bo_yld_table_144,,,"$4,275,970",384
2023,145,Theater Camp,https://www.boxofficemojo.com/release/rl1652851457/?ref_=bo_yld_table_145,,,"$4,009,945",555
2023,146,Ponniyin Selvan: Part Two,https://www.boxofficemojo.com/release/rl848331521/?ref_=bo_yld_table_146,,,"$3,813,000",-
2023,147,Anatomy of a Fall,https://www.boxofficemojo.com/release/rl1739752193/?ref_=bo_yld_table_147,,,"$3,742,039",583
2023,148,Left Behind: Rise of the Antichrist,https://www.boxofficemojo.com/release/rl3337192193/?ref_=bo_yld_table_148,,,"$3,649,422","1,407"
2023,149,The Journey: A Music Special from Andrea Bocelli,https://www.boxofficemojo.com/release/rl1049461505/?ref_=bo_yld_table_149,,,"$3,574,915","1,074"
2023,150,Chevalier,https://www.boxofficemojo.com/release/rl165708545/?ref_=bo_yld_table_150,,,"$3,541,159","1,281"
2023,151,Mafia Mamma,https://www.boxofficemojo.com/release/rl646087425/?ref_=bo_yld_table_151,,,"$3,496,761","2,002"
2023,152,The Wandering Earth II,https://www.boxofficemojo.com/release/rl1190560513/?ref_=bo_yld_table_152,,,"$3,444,487",172
2023,153,A Thousand and One,https://www.boxofficemojo.com/release/rl3773006593/?ref_=bo_yld_table_153,,,"$3,400,020",926
2023,154,Violent Night,https://www.boxofficemojo.com/release/rl4179395329/?ref_=bo_yld_table_154,,,"$3,278,955","3,723"
2023,155,What Happens Later,https://www.boxofficemojo.com/release/rl2931196673/?ref_=bo_yld_table_155,,,"$3,273,895","1,492"
2023,156,2023 Oscar Nominated Short Films: Live Action,https://www.boxofficemojo.com/release/rl2357232385/?ref_=bo_yld_table_156,,,"$3,025,631",357
2023,157,Living,https://www.boxofficemojo.com/release/rl3218244353/?ref_=bo_yld_table_157,,,"$2,984,305",644
2023,158,"Jurassic Park
2023 Re-release (30th Anniversary)",https://www.boxofficemojo.com/release/rl94995201/?ref_=bo_yld_table_158,,,"$2,970,355","1,224"
2023,159,The Menu,https://www.boxofficemojo.com/release/rl2839380737/?ref_=bo_yld_table_159,,,"$2,779,574","3,228"
2023,160,Tu Jhoothi Main Makkaar,https://www.boxofficemojo.com/release/rl3657270017/?ref_=bo_yld_table_160,,,"$2,503,604",400
2023,161,Come Out in Jesus Name,https://www.boxofficemojo.com/release/rl4035412737/?ref_=bo_yld_table_161,,,"$2,500,574","1,047"
2023,162,The Miracle Club,https://www.boxofficemojo.com/release/rl983663361/?ref_=bo_yld_table_162,,,"$2,377,438",677
2023,163,A Good Person,https://www.boxofficemojo.com/release/rl566723329/?ref_=bo_yld_table_163,,,"$2,210,465",687
2023,164,Moving On,https://www.boxofficemojo.com/release/rl1374716673/?ref_=bo_yld_table_164,,,"$2,136,832",794
2023,165,Skinamarink,https://www.boxofficemojo.com/release/rl2767291137/?ref_=bo_yld_table_165,,,"$2,052,272",809
2023,166,"Die Hard
2023 Re-release",https://www.boxofficemojo.com/release/rl3108274177/?ref_=bo_yld_table_166,,,"$2,048,453","1,355"
2023,167,Jules,https://www.boxofficemojo.com/release/rl2325447425/?ref_=bo_yld_table_167,,,"$1,924,922",780
2023,168,Somewhere in Queens,https://www.boxofficemojo.com/release/rl1978434305/?ref_=bo_yld_table_168,,,"$1,802,442",602
2023,169,The Marsh King's Daughter,https://www.boxofficemojo.com/release/rl280265473/?ref_=bo_yld_table_169,,,"$1,792,905","1,055"
2023,170,"Oldboy
2023 Re-release",https://www.boxofficemojo.com/release/rl2460451585/?ref_=bo_yld_table_170,,,"$1,750,719",250
2023,171,Winnie-the-Pooh: Blood and Honey,https://www.boxofficemojo.com/release/rl3925050113/?ref_=bo_yld_table_171,,,"$1,750,639","1,652"
2023,172,Fear,https://www.boxofficemojo.com/release/rl772702977/?ref_=bo_yld_table_172,,,"$1,735,359",974
2023,173,Lost in the Stars,https://www.boxofficemojo.com/release/rl883393281/?ref_=bo_yld_table_173,,,"$1,721,446",-
2023,174,Creation of the Gods I: Kingdom of Storms,https://www.boxofficemojo.com/release/rl1487569665/?ref_=bo_yld_table_174,,,"$1,686,246",115
2023,175,American Fiction,https://www.boxofficemojo.com/release/rl2073330433/?ref_=bo_yld_table_175,,,"$1,655,483","1,902"
2023,176,The Retirement Plan,https://www.boxofficemojo.com/release/rl4267671553/?ref_=bo_yld_table_176,,,"$1,607,344","1,175"
2023,177,Polite Society,https://www.boxofficemojo.com/release/rl1407615745/?ref_=bo_yld_table_177,,,"$1,595,585",927
2023,178,That Time I Got Reincarnated as a Slime the Movie: Scarlet Bond,https://www.boxofficemojo.com/release/rl3522724609/?ref_=bo_yld_table_178,,,"$1,588,491","1,473"
2023,179,The Banshees of Inisherin,https://www.boxofficemojo.com/release/rl925926145/?ref_=bo_yld_table_179,,,"$1,555,301","1,205"
2023,180,The Quiet Girl,https://www.boxofficemojo.com/release/rl3213067009/?ref_=bo_yld_table_180,,,"$1,500,014",244
2023,181,BlackBerry,https://www.boxofficemojo.com/release/rl3388965633/?ref_=bo_yld_table_181,,,"$1,476,598",449
2023,182,"Spirited Away
2023 Re-release (Live on Stage)",https://www.boxofficemojo.com/release/rl284984065/?ref_=bo_yld_table_182,,,"$1,455,081","1,046"
2023,183,Dicks: The Musical,https://www.boxofficemojo.com/release/rl1084523265/?ref_=bo_yld_table_183,,,"$1,453,012",635
2023,184,Eileen,https://www.boxofficemojo.com/release/rl893747201/?ref_=bo_yld_table_184,,,"$1,425,273",558
2023,185,Maybe I Do,https://www.boxofficemojo.com/release/rl1240236801/?ref_=bo_yld_table_185,,,"$1,293,722",465
2023,186,The First Slam Dunk,https://www.boxofficemojo.com/release/rl1587315457/?ref_=bo_yld_table_186,,,"$1,291,869",581
2023,187,Billie Eilish Live at the O2 (Extended Cut),https://www.boxofficemojo.com/release/rl2331673345/?ref_=bo_yld_table_187,,,"$1,290,000",600
2023,188,The Big Lebowski,https://www.boxofficemojo.com/release/rl239568385/?ref_=bo_yld_table_188,,,"$1,266,945","1,235"
2023,189,Back to the Future,https://www.boxofficemojo.com/release/rl2974385665/?ref_=bo_yld_table_189,,,"$1,240,710","1,550"
2023,190,Tár,https://www.boxofficemojo.com/release/rl605979393/?ref_=bo_yld_table_190,,,"$1,193,875","1,090"
2023,191,The Lost King,https://www.boxofficemojo.com/release/rl2749203201/?ref_=bo_yld_table_191,,,"$1,189,307",753
2023,192,"The Lord of the Rings: The Return of the King
2023 Re-release (20th Anniversary)",https://www.boxofficemojo.com/release/rl3984687873/?ref_=bo_yld_table_192,,,"$1,176,085","1,107"
2023,193,Camp Hideout,https://www.boxofficemojo.com/release/rl530678529/?ref_=bo_yld_table_193,,,"$1,125,010",848
2023,194,Strange World,https://www.boxofficemojo.com/release/rl3422914049/?ref_=bo_yld_table_194,,,"$1,120,039","4,174"
2023,195,Close,https://www.boxofficemojo.com/release/rl2079163137/?ref_=bo_yld_table_195,,,"$1,100,113",233
2023,196,Emily,https://www.boxofficemojo.com/release/rl2666693377/?ref_=bo_yld_table_196,,,"$1,097,067",579
2023,197,Knights of the Zodiac,https://www.boxofficemojo.com/release/rl4203184897/?ref_=bo_yld_table_197,,,"$1,090,155",588
2023,198,Broker,https://www.boxofficemojo.com/release/rl586646273/?ref_=bo_yld_table_198,,,"$1,001,892",271
2023,199,Showing Up,https://www.boxofficemojo.com/release/rl956203777/?ref_=bo_yld_table_199,,,"$972,074",115
2023,200,Inside,https://www.boxofficemojo.com/release/rl132023041/?ref_=bo_yld_table_200,,,"$918,415",357
2024,1,Inside Out 2,https://www.boxofficemojo.com/release/rl3638199041/?ref_=bo_yld_table_1,,,"$652,980,194","4,440"
2024,2,Deadpool & Wolverine,https://www.boxofficemojo.com/release/rl4108092161/?ref_=bo_yld_table_2,,,"$636,745,858","4,330"
2024,3,Wicked,https://www.boxofficemojo.com/release/rl1199474177/?ref_=bo_yld_table_3,,,"$432,943,285","3,888"
2024,4,Moana 2,https://www.boxofficemojo.com/release/rl862748673/?ref_=bo_yld_table_4,,,"$404,017,489","4,200"
2024,5,Despicable Me 4,https://www.boxofficemojo.com/release/rl2603516673/?ref_=bo_yld_table_5,,,"$361,004,205","4,449"
2024,6,Beetlejuice Beetlejuice,https://www.boxofficemojo.com/release/rl3365110529/?ref_=bo_yld_table_6,,,"$294,100,435","4,575"
2024,7,Dune: Part Two,https://www.boxofficemojo.com/release/rl68715265/?ref_=bo_yld_table_7,,,"$282,144,358","4,074"
2024,8,Twisters,https://www.boxofficemojo.com/release/rl1324712705/?ref_=bo_yld_table_8,,,"$267,762,265","4,170"
2024,9,Godzilla x Kong: The New Empire,https://www.boxofficemojo.com/release/rl3351937793/?ref_=bo_yld_table_9,,,"$196,350,016","3,948"
2024,10,Kung Fu Panda 4,https://www.boxofficemojo.com/release/rl601195265/?ref_=bo_yld_table_10,,,"$193,590,620","4,067"
2024,11,Bad Boys: Ride or Die,https://www.boxofficemojo.com/release/rl1386447617/?ref_=bo_yld_table_11,,,"$193,573,217","3,885"
2024,12,Kingdom of the Planet of the Apes,https://www.boxofficemojo.com/release/rl1678869249/?ref_=bo_yld_table_12,,,"$171,130,165","4,075"
2024,13,Gladiator II,https://www.boxofficemojo.com/release/rl1778156289/?ref_=bo_yld_table_13,,,"$164,554,921","3,580"
2024,14,Sonic the Hedgehog 3,https://www.boxofficemojo.com/release/rl886211329/?ref_=bo_yld_table_14,,,"$151,558,894","3,769"
2024,15,It Ends with Us,https://www.boxofficemojo.com/release/rl3818881793/?ref_=bo_yld_table_15,,,"$148,518,266","3,839"
2024,16,The Wild Robot,https://www.boxofficemojo.com/release/rl3443949569/?ref_=bo_yld_table_16,,,"$143,190,445","3,997"
2024,17,Venom: The Last Dance,https://www.boxofficemojo.com/release/rl3290006273/?ref_=bo_yld_table_17,,,"$139,733,580","4,131"
2024,18,A Quiet Place: Day One,https://www.boxofficemojo.com/release/rl545096449/?ref_=bo_yld_table_18,,,"$138,930,553","3,708"
2024,19,Mufasa: The Lion King,https://www.boxofficemojo.com/release/rl1511097089/?ref_=bo_yld_table_19,,,"$128,143,945","4,100"
2024,20,Ghostbusters: Frozen Empire,https://www.boxofficemojo.com/release/rl1436779265/?ref_=bo_yld_table_20,,,"$113,376,590","4,345"
2024,21,IF,https://www.boxofficemojo.com/release/rl3731915521/?ref_=bo_yld_table_21,,,"$111,149,917","4,068"
2024,22,Alien: Romulus,https://www.boxofficemojo.com/release/rl654017281/?ref_=bo_yld_table_22,,,"$105,313,091","3,915"
2024,23,Bob Marley: One Love,https://www.boxofficemojo.com/release/rl1496810241/?ref_=bo_yld_table_23,,,"$96,893,170","3,597"
2024,24,Red One,https://www.boxofficemojo.com/release/rl2841083905/?ref_=bo_yld_table_24,,,"$96,805,881","4,032"
2024,25,The Fall Guy,https://www.boxofficemojo.com/release/rl752190209/?ref_=bo_yld_table_25,,,"$92,900,355","4,008"
2024,26,The Garfield Movie,https://www.boxofficemojo.com/release/rl382960385/?ref_=bo_yld_table_26,,,"$91,956,547","4,108"
2024,27,Wonka,https://www.boxofficemojo.com/release/rl2942927617/?ref_=bo_yld_table_27,,,"$85,272,410","4,213"
2024,28,Longlegs,https://www.boxofficemojo.com/release/rl1733394433/?ref_=bo_yld_table_28,,,"$74,346,140","2,850"
2024,29,Migration,https://www.boxofficemojo.com/release/rl83920385/?ref_=bo_yld_table_29,,,"$73,526,925","3,839"
2024,30,Mean Girls,https://www.boxofficemojo.com/release/rl615482113/?ref_=bo_yld_table_30,,,"$72,404,248","3,826"
2024,31,Smile 2,https://www.boxofficemojo.com/release/rl665813761/?ref_=bo_yld_table_31,,,"$68,967,012","3,624"
2024,32,Civil War,https://www.boxofficemojo.com/release/rl172392449/?ref_=bo_yld_table_32,,,"$68,603,430","3,929"
2024,33,Furiosa: A Mad Max Saga,https://www.boxofficemojo.com/release/rl627344129/?ref_=bo_yld_table_33,,,"$67,475,791","3,864"
2024,34,The Beekeeper,https://www.boxofficemojo.com/release/rl2912715521/?ref_=bo_yld_table_34,,,"$66,220,535","3,337"
2024,35,Anyone But You,https://www.boxofficemojo.com/release/rl3616572161/?ref_=bo_yld_table_35,,,"$63,482,283","3,055"
2024,36,Transformers One,https://www.boxofficemojo.com/release/rl3760947969/?ref_=bo_yld_table_36,,,"$59,054,170","3,978"
2024,37,Joker: Folie à Deux,https://www.boxofficemojo.com/release/rl2339995649/?ref_=bo_yld_table_37,,,"$58,300,287","4,102"
2024,38,Terrifier 3,https://www.boxofficemojo.com/release/rl2221441025/?ref_=bo_yld_table_38,,,"$53,799,754","2,762"
2024,39,Challengers,https://www.boxofficemojo.com/release/rl2915664641/?ref_=bo_yld_table_39,,,"$50,119,408","3,477"
2024,40,Nosferatu,https://www.boxofficemojo.com/release/rl2537783297/?ref_=bo_yld_table_40,,,"$48,120,015","3,132"
2024,41,Aquaman and the Lost Kingdom,https://www.boxofficemojo.com/release/rl3003745793/?ref_=bo_yld_table_41,,,"$48,011,513","3,787"
2024,42,Argylle,https://www.boxofficemojo.com/release/rl4071392001/?ref_=bo_yld_table_42,,,"$45,207,275","3,647"
2024,43,Madame Web,https://www.boxofficemojo.com/release/rl1379697409/?ref_=bo_yld_table_43,,,"$43,817,106","4,013"
2024,44,Trap,https://www.boxofficemojo.com/release/rl562070273/?ref_=bo_yld_table_44,,,"$42,777,281","3,181"
2024,45,The Best Christmas Pageant Ever,https://www.boxofficemojo.com/release/rl457277441/?ref_=bo_yld_table_45,,,"$39,802,723","3,020"
2024,46,Speak No Evil,https://www.boxofficemojo.com/release/rl999260929/?ref_=bo_yld_table_46,,,"$36,931,420","3,375"
2024,47,The Strangers: Chapter 1,https://www.boxofficemojo.com/release/rl793346049/?ref_=bo_yld_table_47,,,"$35,202,562","2,856"
2024,48,"Coraline
15th Anniversary",https://www.boxofficemojo.com/release/rl2607513601/?ref_=bo_yld_table_48,,,"$33,626,425","1,564"
2024,49,Night Swim,https://www.boxofficemojo.com/release/rl2046198529/?ref_=bo_yld_table_49,,,"$32,494,740","3,257"
2024,50,Conclave,https://www.boxofficemojo.com/release/rl3898179585/?ref_=bo_yld_table_50,,,"$31,289,705","2,377"
2024,51,The Boys in the Boat,https://www.boxofficemojo.com/release/rl43614977/?ref_=bo_yld_table_51,,,"$30,642,834","2,687"
2024,52,Reagan,https://www.boxofficemojo.com/release/rl4133781505/?ref_=bo_yld_table_52,,,"$30,047,417","2,770"
2024,53,The Forge,https://www.boxofficemojo.com/release/rl1795064577/?ref_=bo_yld_table_53,,,"$29,123,632","1,921"
2024,54,Horizon: An American Saga - Chapter 1,https://www.boxofficemojo.com/release/rl3484517121/?ref_=bo_yld_table_54,,,"$29,035,702","3,334"
2024,55,A Complete Unknown,https://www.boxofficemojo.com/release/rl2843508737/?ref_=bo_yld_table_55,,,"$28,501,840","2,835"
2024,56,Imaginary,https://www.boxofficemojo.com/release/rl3180495617/?ref_=bo_yld_table_56,,,"$28,009,161","3,118"
2024,57,Heretic,https://www.boxofficemojo.com/release/rl2876014593/?ref_=bo_yld_table_57,,,"$27,915,648","3,230"
2024,58,Abigail,https://www.boxofficemojo.com/release/rl1488880385/?ref_=bo_yld_table_58,,,"$25,867,515","3,393"
2024,59,Monkey Man,https://www.boxofficemojo.com/release/rl290357249/?ref_=bo_yld_table_59,,,"$25,116,955","3,037"
2024,60,Arthur the King,https://www.boxofficemojo.com/release/rl1589609217/?ref_=bo_yld_table_60,,,"$25,049,006","3,003"
2024,61,We Live in Time,https://www.boxofficemojo.com/release/rl2825682945/?ref_=bo_yld_table_61,,,"$24,692,261","2,964"
2024,62,Poor Things,https://www.boxofficemojo.com/release/rl3566306049/?ref_=bo_yld_table_62,,,"$24,284,189","2,300"
2024,63,Blink Twice,https://www.boxofficemojo.com/release/rl4082008065/?ref_=bo_yld_table_63,,,"$23,093,906","3,067"
2024,64,Kraven the Hunter,https://www.boxofficemojo.com/release/rl259556097/?ref_=bo_yld_table_64,,,"$21,915,474","3,211"
2024,65,The Bikeriders,https://www.boxofficemojo.com/release/rl620462849/?ref_=bo_yld_table_65,,,"$21,746,895","2,692"
2024,66,The Ministry of Ungentlemanly Warfare,https://www.boxofficemojo.com/release/rl3964305409/?ref_=bo_yld_table_66,,,"$20,535,053","2,845"
2024,67,Fly Me to the Moon,https://www.boxofficemojo.com/release/rl810057729/?ref_=bo_yld_table_67,,,"$20,532,222","3,356"
2024,68,Unsung Hero,https://www.boxofficemojo.com/release/rl832733953/?ref_=bo_yld_table_68,,,"$20,335,239","2,832"
2024,69,The First Omen,https://www.boxofficemojo.com/release/rl591495169/?ref_=bo_yld_table_69,,,"$20,092,802","3,375"
2024,70,Cabrini,https://www.boxofficemojo.com/release/rl776962049/?ref_=bo_yld_table_70,,,"$19,512,134","2,850"
2024,71,American Fiction,https://www.boxofficemojo.com/release/rl2073330433/?ref_=bo_yld_table_71,,,"$19,442,987","1,902"
2024,72,Ordinary Angels,https://www.boxofficemojo.com/release/rl226919169/?ref_=bo_yld_table_72,,,"$19,174,421","3,020"
2024,73,The Iron Claw,https://www.boxofficemojo.com/release/rl1537442561/?ref_=bo_yld_table_73,,,"$19,110,429","2,794"
2024,74,The Watchers,https://www.boxofficemojo.com/release/rl2180940545/?ref_=bo_yld_table_74,,,"$19,071,404","3,351"
2024,75,Tarot,https://www.boxofficemojo.com/release/rl3080028929/?ref_=bo_yld_table_75,,,"$18,771,004","3,104"
2024,76,Demon Slayer: Kimetsu No Yaiba - To the Hashira Training,https://www.boxofficemojo.com/release/rl709394433/?ref_=bo_yld_table_76,,,"$17,657,658","1,949"
2024,77,Harold and the Purple Crayon,https://www.boxofficemojo.com/release/rl2031190785/?ref_=bo_yld_table_77,,,"$17,640,924","3,325"
2024,78,The Color Purple,https://www.boxofficemojo.com/release/rl577012481/?ref_=bo_yld_table_78,,,"$16,571,549","3,218"
2024,79,The Substance,https://www.boxofficemojo.com/release/rl2684977153/?ref_=bo_yld_table_79,,,"$16,447,054","1,949"
2024,80,Immaculate,https://www.boxofficemojo.com/release/rl2219802625/?ref_=bo_yld_table_80,,,"$15,671,307","2,362"
2024,81,Borderlands,https://www.boxofficemojo.com/release/rl3466691329/?ref_=bo_yld_table_81,,,"$15,482,668","3,125"
2024,82,"Interstellar
2024 Re-release",https://www.boxofficemojo.com/release/rl1231060993/?ref_=bo_yld_table_82,,,"$15,207,563",321
2024,83,MaXXXine,https://www.boxofficemojo.com/release/rl4208624385/?ref_=bo_yld_table_83,,,"$15,097,632","2,450"
2024,84,The Chosen: S4 Episodes 1-3,https://www.boxofficemojo.com/release/rl2209514241/?ref_=bo_yld_table_84,,,"$14,410,169","2,280"
2024,85,Anora,https://www.boxofficemojo.com/release/rl779911169/?ref_=bo_yld_table_85,,,"$14,146,804","1,938"
2024,86,Homestead,https://www.boxofficemojo.com/release/rl2557247489/?ref_=bo_yld_table_86,,,"$13,988,821","1,886"
2024,87,"Star Wars: Episode I - The Phantom Menace
2024 Re-release",https://www.boxofficemojo.com/release/rl1901887489/?ref_=bo_yld_table_87,,,"$13,029,994","2,700"
2024,88,Kalki 2898 AD,https://www.boxofficemojo.com/release/rl2876276737/?ref_=bo_yld_table_88,,,"$12,727,044","1,049"
2024,89,Am I Racist?,https://www.boxofficemojo.com/release/rl3329982465/?ref_=bo_yld_table_89,,,"$12,311,598","1,600"
2024,90,Here,https://www.boxofficemojo.com/release/rl2858385409/?ref_=bo_yld_table_90,,,"$12,237,270","2,732"
2024,91,Bonhoeffer,https://www.boxofficemojo.com/release/rl2775351297/?ref_=bo_yld_table_91,,,"$12,121,045","1,900"
2024,92,Sound of Hope: The Story of Possum Trot,https://www.boxofficemojo.com/release/rl812417025/?ref_=bo_yld_table_92,,,"$11,647,099","2,200"
2024,93,Godzilla Minus One,https://www.boxofficemojo.com/release/rl1285456641/?ref_=bo_yld_table_93,,,"$11,564,257","2,622"
2024,94,The Boy and the Heron,https://www.boxofficemojo.com/release/rl4222321409/?ref_=bo_yld_table_94,,,"$10,986,312","2,325"
2024,95,The Chosen: S4 Episodes 4-6,https://www.boxofficemojo.com/release/rl2259845889/?ref_=bo_yld_table_95,,,"$10,797,328","2,272"
2024,96,Never Let Go,https://www.boxofficemojo.com/release/rl3160506369/?ref_=bo_yld_table_96,,,"$10,306,106","2,667"
2024,97,Late Night with the Devil,https://www.boxofficemojo.com/release/rl2353299457/?ref_=bo_yld_table_97,,,"$10,000,293","1,442"
2024,98,Lisa Frankenstein,https://www.boxofficemojo.com/release/rl1722974977/?ref_=bo_yld_table_98,,,"$9,774,285","3,144"
2024,99,Piece by Piece,https://www.boxofficemojo.com/release/rl508461057/?ref_=bo_yld_table_99,,,"$9,756,635","1,873"
2024,100,Saturday Night,https://www.boxofficemojo.com/release/rl1736278017/?ref_=bo_yld_table_100,,,"$9,511,315","2,336"
2024,101,The Crow,https://www.boxofficemojo.com/release/rl3110174721/?ref_=bo_yld_table_101,,,"$9,275,659","2,752"
2024,102,Babygirl,https://www.boxofficemojo.com/release/rl2926346241/?ref_=bo_yld_table_102,,,"$9,186,495","2,164"
2024,103,Thelma,https://www.boxofficemojo.com/release/rl4050812929/?ref_=bo_yld_table_103,,,"$9,002,073","1,290"
2024,104,The Lord of the Rings: The War of the Rohirrim,https://www.boxofficemojo.com/release/rl3123675905/?ref_=bo_yld_table_104,,,"$8,755,502","2,602"
2024,105,Love Lies Bleeding,https://www.boxofficemojo.com/release/rl3578626049/?ref_=bo_yld_table_105,,,"$8,335,797","1,828"
2024,106,The Zone of Interest,https://www.boxofficemojo.com/release/rl1134854913/?ref_=bo_yld_table_106,,,"$8,195,679",598
2024,107,Spy x Family Code: White,https://www.boxofficemojo.com/release/rl3075571713/?ref_=bo_yld_table_107,,,"$8,110,042","2,009"
2024,108,Ferrari,https://www.boxofficemojo.com/release/rl390496257/?ref_=bo_yld_table_108,,,"$7,771,546","2,386"
2024,109,The Chosen: S4 Episodes 7-8,https://www.boxofficemojo.com/release/rl4189225729/?ref_=bo_yld_table_109,,,"$7,729,152","2,215"
2024,110,A Real Pain,https://www.boxofficemojo.com/release/rl3277815809/?ref_=bo_yld_table_110,,,"$7,676,866","1,185"
2024,111,Megalopolis,https://www.boxofficemojo.com/release/rl2238742529/?ref_=bo_yld_table_111,,,"$7,629,085","1,854"
2024,112,Sight,https://www.boxofficemojo.com/release/rl3532423937/?ref_=bo_yld_table_112,,,"$7,206,741","2,118"
2024,113,Haikyu!! The Dumpster Battle,https://www.boxofficemojo.com/release/rl1130463233/?ref_=bo_yld_table_113,,,"$7,071,622","1,119"
2024,114,Afraid,https://www.boxofficemojo.com/release/rl183862017/?ref_=bo_yld_table_114,,,"$6,725,687","3,003"
2024,115,The Hunger Games: The Ballad of Songbirds & Snakes,https://www.boxofficemojo.com/release/rl1262387969/?ref_=bo_yld_table_115,,,"$6,630,969","3,776"
2024,116,I.S.S.,https://www.boxofficemojo.com/release/rl2101706753/?ref_=bo_yld_table_116,,,"$6,573,799","2,518"
2024,117,Pushpa: The Rule - Part 2,https://www.boxofficemojo.com/release/rl471760897/?ref_=bo_yld_table_117,,,"$6,400,000","1,245"
2024,118,Cuckoo,https://www.boxofficemojo.com/release/rl693927937/?ref_=bo_yld_table_118,,,"$6,217,733","1,503"
2024,119,Back to Black,https://www.boxofficemojo.com/release/rl4114907137/?ref_=bo_yld_table_119,,,"$6,178,165","2,013"
2024,120,The Book of Clarence,https://www.boxofficemojo.com/release/rl3598877441/?ref_=bo_yld_table_120,,,"$6,132,813","2,010"
2024,121,"The Nightmare Before Christmas
2024 Re-release",https://www.boxofficemojo.com/release/rl2634973185/?ref_=bo_yld_table_121,,,"$6,124,705","1,860"
2024,122,"Columbia 100th Anniversary Series
Columbia 100th Anniversary Series",https://www.boxofficemojo.com/release/rl4217536513/?ref_=bo_yld_table_122,,,"$6,013,515",466
2024,123,Someone Like You,https://www.boxofficemojo.com/release/rl1029799937/?ref_=bo_yld_table_123,,,"$5,937,306","1,802"
2024,124,Trolls Band Together,https://www.boxofficemojo.com/release/rl577798913/?ref_=bo_yld_table_124,,,"$5,729,950","3,893"
2024,125,One Life,https://www.boxofficemojo.com/release/rl1045987329/?ref_=bo_yld_table_125,,,"$5,716,885","1,009"
2024,126,Devara Part 1,https://www.boxofficemojo.com/release/rl537755649/?ref_=bo_yld_table_126,,,"$5,600,000","1,040"
2024,127,The Killer's Game,https://www.boxofficemojo.com/release/rl1584037889/?ref_=bo_yld_table_127,,,"$5,404,378","2,623"
2024,128,My Old Ass,https://www.boxofficemojo.com/release/rl1534951425/?ref_=bo_yld_table_128,,,"$5,372,282","1,390"
2024,129,White Bird,https://www.boxofficemojo.com/release/rl3681714945/?ref_=bo_yld_table_129,,,"$5,069,171","1,038"
2024,130,My Hero Academia: You're Next,https://www.boxofficemojo.com/release/rl1735819265/?ref_=bo_yld_table_130,,,"$5,041,781","1,845"
2024,131,Kinds of Kindness,https://www.boxofficemojo.com/release/rl1784381441/?ref_=bo_yld_table_131,,,"$5,038,931",920
2024,132,Drive-Away Dolls,https://www.boxofficemojo.com/release/rl948929281/?ref_=bo_yld_table_132,,,"$5,028,215","2,280"
2024,133,The Fire Inside,https://www.boxofficemojo.com/release/rl2778432257/?ref_=bo_yld_table_133,,,"$5,021,220","2,032"
2024,134,I Saw the TV Glow,https://www.boxofficemojo.com/release/rl660111361/?ref_=bo_yld_table_134,,,"$5,017,817",469
2024,135,Wicked Little Letters,https://www.boxofficemojo.com/release/rl2539618305/?ref_=bo_yld_table_135,,,"$5,008,178","1,009"
2024,136,Dìdi,https://www.boxofficemojo.com/release/rl4266885121/?ref_=bo_yld_table_136,,,"$4,839,360",435
2024,137,Origin,https://www.boxofficemojo.com/release/rl2705620993/?ref_=bo_yld_table_137,,,"$4,689,830",664
2024,138,Land of Bad,https://www.boxofficemojo.com/release/rl3091824641/?ref_=bo_yld_table_138,,,"$4,620,045","1,317"
2024,139,The Exorcism,https://www.boxofficemojo.com/release/rl3916201985/?ref_=bo_yld_table_139,,,"$4,530,418","2,240"
2024,140,Y2K,https://www.boxofficemojo.com/release/rl4218716161/?ref_=bo_yld_table_140,,,"$4,375,523","2,108"
2024,141,In a Violent Nature,https://www.boxofficemojo.com/release/rl2237497345/?ref_=bo_yld_table_141,,,"$4,229,999","1,426"
2024,142,For King + Country: A Drummer Boy Christmas - Live,https://www.boxofficemojo.com/release/rl2098823169/?ref_=bo_yld_table_142,,,"$4,227,406","1,540"
2024,143,The Apprentice,https://www.boxofficemojo.com/release/rl3423567873/?ref_=bo_yld_table_143,,,"$4,001,910","1,740"
2024,144,Babes,https://www.boxofficemojo.com/release/rl3328147457/?ref_=bo_yld_table_144,,,"$3,800,038","1,118"
2024,145,Perfect Days,https://www.boxofficemojo.com/release/rl1380614145/?ref_=bo_yld_table_145,,,"$3,766,668",271
2024,146,Oppenheimer,https://www.boxofficemojo.com/release/rl3725886209/?ref_=bo_yld_table_146,,,"$3,761,170","3,761"
2024,147,All of Us Strangers,https://www.boxofficemojo.com/release/rl4171596545/?ref_=bo_yld_table_147,,,"$3,703,589",295
2024,148,"Shrek 2
2024 Re-release",https://www.boxofficemojo.com/release/rl3143663617/?ref_=bo_yld_table_148,,,"$3,427,910","1,512"
2024,149,Wish,https://www.boxofficemojo.com/release/rl3097657857/?ref_=bo_yld_table_149,,,"$3,364,674","3,900"
2024,150,Solo Leveling: ReAwakening,https://www.boxofficemojo.com/release/rl1091076097/?ref_=bo_yld_table_150,,,"$3,350,693",846
2024,151,Queer,https://www.boxofficemojo.com/release/rl806191105/?ref_=bo_yld_table_151,,,"$3,282,117",460
2024,152,God's Not Dead: In God We Trust,https://www.boxofficemojo.com/release/rl359956481/?ref_=bo_yld_table_152,,,"$3,269,322","1,392"
2024,153,"The Lord of the Rings: The Fellowship of the Ring
2024 Re-release",https://www.boxofficemojo.com/release/rl1515814913/?ref_=bo_yld_table_153,,,"$3,256,658","1,529"
2024,154,2024 Oscar Nominated Short Films: Documentary,https://www.boxofficemojo.com/release/rl3427958785/?ref_=bo_yld_table_154,,,"$3,162,293",367
2024,155,The Front Room,https://www.boxofficemojo.com/release/rl2993455105/?ref_=bo_yld_table_155,,,"$3,092,269","2,095"
2024,156,Strange Darling,https://www.boxofficemojo.com/release/rl3875766273/?ref_=bo_yld_table_156,,,"$3,083,595","1,135"
2024,157,The Long Game,https://www.boxofficemojo.com/release/rl1080066049/?ref_=bo_yld_table_157,,,"$3,060,040","1,030"
2024,158,Jesus Thirsts: The Miracle of the Eucharist,https://www.boxofficemojo.com/release/rl1666940929/?ref_=bo_yld_table_158,,,"$2,927,121","1,112"
2024,159,1992,https://www.boxofficemojo.com/release/rl1916895233/?ref_=bo_yld_table_159,,,"$2,906,073",875
2024,160,The Fabulous Four,https://www.boxofficemojo.com/release/rl2239397889/?ref_=bo_yld_table_160,,,"$2,854,291","1,045"
2024,161,My Penguin Friend,https://www.boxofficemojo.com/release/rl526942209/?ref_=bo_yld_table_161,,,"$2,769,460","1,083"
2024,162,Absolution,https://www.boxofficemojo.com/release/rl4128407553/?ref_=bo_yld_table_162,,,"$2,716,343","1,500"
2024,163,The Taste of Things,https://www.boxofficemojo.com/release/rl3267265281/?ref_=bo_yld_table_163,,,"$2,655,074",505
2024,164,GHOST: Rite Here Rite Now,https://www.boxofficemojo.com/release/rl4268916737/?ref_=bo_yld_table_164,,,"$2,647,702",755
2024,165,Ezra,https://www.boxofficemojo.com/release/rl3211558913/?ref_=bo_yld_table_165,,,"$2,631,460","1,320"
2024,166,Sight & Sound Presents: Daniel LIVE,https://www.boxofficemojo.com/release/rl3607461889/?ref_=bo_yld_table_166,,,"$2,629,933",851
2024,167,Boy Kills World,https://www.boxofficemojo.com/release/rl3579478017/?ref_=bo_yld_table_167,,,"$2,626,127","1,993"
2024,168,"Hello, Love, Again",https://www.boxofficemojo.com/release/rl119046145/?ref_=bo_yld_table_168,,,"$2,625,000",248
2024,169,Escape from Germany,https://www.boxofficemojo.com/release/rl190087169/?ref_=bo_yld_table_169,,,"$2,576,216",131
2024,170,Jung Kook: I Am Still,https://www.boxofficemojo.com/release/rl1929478145/?ref_=bo_yld_table_170,,,"$2,574,318",769
2024,171,"The Lord of the Rings: The Two Towers
2024 Re-release",https://www.boxofficemojo.com/release/rl1566146561/?ref_=bo_yld_table_171,,,"$2,566,412","1,549"
2024,172,The Blue Angels,https://www.boxofficemojo.com/release/rl2657845249/?ref_=bo_yld_table_172,,,"$2,560,945",450
2024,173,Problemista,https://www.boxofficemojo.com/release/rl647529217/?ref_=bo_yld_table_173,,,"$2,503,154",379
2024,174,The American Society of Magical Negroes,https://www.boxofficemojo.com/release/rl2143191809/?ref_=bo_yld_table_174,,,"$2,480,645","1,153"
2024,175,"The Lord of the Rings: The Return of the King
2024 Re-release",https://www.boxofficemojo.com/release/rl1348042753/?ref_=bo_yld_table_175,,,"$2,450,927","1,172"
2024,176,Summer Camp,https://www.boxofficemojo.com/release/rl308838401/?ref_=bo_yld_table_176,,,"$2,403,638","1,787"
2024,177,Sing Sing,https://www.boxofficemojo.com/release/rl794591233/?ref_=bo_yld_table_177,,,"$2,403,211",191
2024,178,"Howl's Moving Castle
20th Anniversary – Studio Ghibli Fest 2024",https://www.boxofficemojo.com/release/rl2539094017/?ref_=bo_yld_table_178,,,"$2,384,690","1,592"
2024,179,Interstella 5555: The 5tory of the 5ecret 5tar 5ystem,https://www.boxofficemojo.com/release/rl1897168897/?ref_=bo_yld_table_179,,,"$2,328,339",641
2024,180,Hitpig,https://www.boxofficemojo.com/release/rl2189066241/?ref_=bo_yld_table_180,,,"$2,324,019","2,107"
2024,181,Elevation,https://www.boxofficemojo.com/release/rl2826403841/?ref_=bo_yld_table_181,,,"$2,321,801","1,416"
2024,182,"Alien
2024 Re-release",https://www.boxofficemojo.com/release/rl3362095105/?ref_=bo_yld_table_182,,,"$2,305,647","1,750"
2024,183,Exhuma,https://www.boxofficemojo.com/release/rl123305985/?ref_=bo_yld_table_183,,,"$2,288,496",70
2024,184,Flow,https://www.boxofficemojo.com/release/rl922845185/?ref_=bo_yld_table_184,,,"$2,280,601",377
2024,185,In the Land of Saints and Sinners,https://www.boxofficemojo.com/release/rl1012891649/?ref_=bo_yld_table_185,,,"$2,258,795",896
2024,186,Bhool Bhulaiyaa 3,https://www.boxofficemojo.com/release/rl4111826945/?ref_=bo_yld_table_186,,,"$2,230,000",754
2024,187,"The Lion King
2024 Re-release",https://www.boxofficemojo.com/release/rl628719617/?ref_=bo_yld_table_187,,,"$2,195,943","1,330"
2024,188,Singham Again,https://www.boxofficemojo.com/release/rl3893723137/?ref_=bo_yld_table_188,,,"$2,190,000",749
2024,189,Stree 2,https://www.boxofficemojo.com/release/rl2332131329/?ref_=bo_yld_table_189,,,"$2,184,000",666
2024,190,The Holdovers,https://www.boxofficemojo.com/release/rl92504833/?ref_=bo_yld_table_190,,,"$2,146,720","1,601"
2024,191,Average Joe,https://www.boxofficemojo.com/release/rl2407038977/?ref_=bo_yld_table_191,,,"$2,106,965","1,713"
2024,192,The Ark and the Darkness,https://www.boxofficemojo.com/release/rl71991297/?ref_=bo_yld_table_192,,,"$2,097,560","1,030"
2024,193,Between the Temples,https://www.boxofficemojo.com/release/rl1778614273/?ref_=bo_yld_table_193,,,"$2,084,121",576
2024,194,Lee,https://www.boxofficemojo.com/release/rl157843457/?ref_=bo_yld_table_194,,,"$2,005,488",854
2024,195,Look Back,https://www.boxofficemojo.com/release/rl2063826945/?ref_=bo_yld_table_195,,,"$2,002,270",531
2024,196,Yolo,https://www.boxofficemojo.com/release/rl4250501121/?ref_=bo_yld_table_196,,,"$2,001,584",200
2024,197,Queen Rock Montreal,https://www.boxofficemojo.com/release/rl2169470977/?ref_=bo_yld_table_197,,,"$2,000,000",387
2024,198,The Order,https://www.boxofficemojo.com/release/rl612139009/?ref_=bo_yld_table_198,,,"$1,980,622",603
2024,199,SUGA: Agust D Tour 'D-DAY' the Movie,https://www.boxofficemojo.com/release/rl459309057/?ref_=bo_yld_table_199,,,"$1,951,896",787
2024,200,Out of Darkness,https://www.boxofficemojo.com/release/rl911245313/?ref_=bo_yld_table_200,,,"$1,951,547",897
2025,1,A Minecraft Movie,https://www.boxofficemojo.com/release/rl746096129/?ref_=bo_yld_table_1,,,"$423,949,195","4,289"
2025,2,Lilo & Stitch,https://www.boxofficemojo.com/release/rl3104735233/?ref_=bo_yld_table_2,,,"$423,629,508","4,410"
2025,3,Superman,https://www.boxofficemojo.com/release/rl1543340801/?ref_=bo_yld_table_3,,,"$353,349,744","4,275"
2025,4,Jurassic World: Rebirth,https://www.boxofficemojo.com/release/rl3058794497/?ref_=bo_yld_table_4,,,"$339,099,900","4,324"
2025,5,Sinners,https://www.boxofficemojo.com/release/rl2153611265/?ref_=bo_yld_table_5,,,"$278,578,513","3,518"
2025,6,The Fantastic Four: First Steps,https://www.boxofficemojo.com/release/rl2429649665/?ref_=bo_yld_table_6,,,"$270,445,748","4,125"
2025,7,How to Train Your Dragon,https://www.boxofficemojo.com/release/rl1921090305/?ref_=bo_yld_table_7,,,"$262,958,100","4,373"
2025,8,Captain America: Brave New World,https://www.boxofficemojo.com/release/rl2597421825/?ref_=bo_yld_table_8,,,"$200,500,001","4,105"
2025,9,Mission: Impossible - The Final Reckoning,https://www.boxofficemojo.com/release/rl1913226753/?ref_=bo_yld_table_9,,,"$197,413,515","3,861"
2025,10,Thunderbolts*,https://www.boxofficemojo.com/release/rl2647753473/?ref_=bo_yld_table_10,,,"$190,274,328","4,330"
2025,11,F1: The Movie,https://www.boxofficemojo.com/release/rl2507374593/?ref_=bo_yld_table_11,,,"$189,002,573","3,732"
2025,12,Weapons,https://www.boxofficemojo.com/release/rl3882385409/?ref_=bo_yld_table_12,,,"$143,320,086","3,631"
2025,13,Final Destination: Bloodlines,https://www.boxofficemojo.com/release/rl1478393857/?ref_=bo_yld_table_13,,,"$138,130,814","3,523"
2025,14,Mufasa: The Lion King,https://www.boxofficemojo.com/release/rl1511097089/?ref_=bo_yld_table_14,,,"$126,423,748","4,100"
2025,15,Dog Man,https://www.boxofficemojo.com/release/rl3942942209/?ref_=bo_yld_table_15,,,"$97,970,355","3,887"
2025,16,The Conjuring: Last Rites,https://www.boxofficemojo.com/release/rl987791361/?ref_=bo_yld_table_16,,,"$89,754,674","3,802"
2025,17,Freakier Friday,https://www.boxofficemojo.com/release/rl443908097/?ref_=bo_yld_table_17,,,"$88,098,102","3,975"
2025,18,Snow White,https://www.boxofficemojo.com/release/rl3856302849/?ref_=bo_yld_table_18,,,"$87,203,963","4,200"
2025,19,Sonic the Hedgehog 3,https://www.boxofficemojo.com/release/rl886211329/?ref_=bo_yld_table_19,,,"$84,556,206","3,769"
2025,20,The Bad Guys 2,https://www.boxofficemojo.com/release/rl1472103169/?ref_=bo_yld_table_20,,,"$77,854,050","3,860"
2025,21,Elio,https://www.boxofficemojo.com/release/rl1561428737/?ref_=bo_yld_table_21,,,"$72,986,895","3,750"
2025,22,28 Years Later,https://www.boxofficemojo.com/release/rl375947265/?ref_=bo_yld_table_22,,,"$70,367,300","3,444"
2025,23,The Accountant 2,https://www.boxofficemojo.com/release/rl1178501121/?ref_=bo_yld_table_23,,,"$65,523,366","3,610"
2025,24,The King of Kings,https://www.boxofficemojo.com/release/rl4231757825/?ref_=bo_yld_table_24,,,"$60,270,106","3,535"
2025,25,Ballerina,https://www.boxofficemojo.com/release/rl965378817/?ref_=bo_yld_table_25,,,"$58,051,327","3,409"
2025,26,Moana 2,https://www.boxofficemojo.com/release/rl862748673/?ref_=bo_yld_table_26,,,"$56,387,808","4,200"
2025,27,Karate Kid: Legends,https://www.boxofficemojo.com/release/rl3470426881/?ref_=bo_yld_table_27,,,"$52,547,391","3,859"
2025,28,The Naked Gun,https://www.boxofficemojo.com/release/rl3528753153/?ref_=bo_yld_table_28,,,"$52,314,315","3,363"
2025,29,One of Them Days,https://www.boxofficemojo.com/release/rl4110974977/?ref_=bo_yld_table_29,,,"$50,054,690","2,675"
2025,30,Nosferatu,https://www.boxofficemojo.com/release/rl2537783297/?ref_=bo_yld_table_30,,,"$47,488,220","3,132"
2025,31,A Complete Unknown,https://www.boxofficemojo.com/release/rl2843508737/?ref_=bo_yld_table_31,,,"$46,499,880","2,835"
2025,32,Mickey 17,https://www.boxofficemojo.com/release/rl2465301249/?ref_=bo_yld_table_32,,,"$46,047,147","3,807"
2025,33,Paddington in Peru,https://www.boxofficemojo.com/release/rl431260417/?ref_=bo_yld_table_33,,,"$45,770,312","3,890"
2025,34,The Amateur,https://www.boxofficemojo.com/release/rl2241364737/?ref_=bo_yld_table_34,,,"$40,759,635","3,400"
2025,35,Wicked,https://www.boxofficemojo.com/release/rl1199474177/?ref_=bo_yld_table_35,,,"$40,287,835","3,888"
2025,36,The Monkey,https://www.boxofficemojo.com/release/rl2385608705/?ref_=bo_yld_table_36,,,"$39,724,909","3,227"
2025,37,A Working Man,https://www.boxofficemojo.com/release/rl3457581057/?ref_=bo_yld_table_37,,,"$37,000,711","3,262"
2025,38,Materialists,https://www.boxofficemojo.com/release/rl3442638849/?ref_=bo_yld_table_38,,,"$36,503,614","2,844"
2025,39,Den of Thieves: Pantera,https://www.boxofficemojo.com/release/rl1416265729/?ref_=bo_yld_table_39,,,"$36,015,016","3,008"
2025,40,"Star Wars: Episode III - Revenge of the Sith
20th anniversary",https://www.boxofficemojo.com/release/rl2905833473/?ref_=bo_yld_table_40,,,"$34,107,714","2,800"
2025,41,I Know What You Did Last Summer,https://www.boxofficemojo.com/release/rl2372632577/?ref_=bo_yld_table_41,,,"$32,165,634","3,206"
2025,42,Smurfs,https://www.boxofficemojo.com/release/rl3459023617/?ref_=bo_yld_table_42,,,"$31,075,170","3,504"
2025,43,Heart Eyes,https://www.boxofficemojo.com/release/rl2533982209/?ref_=bo_yld_table_43,,,"$30,415,738","3,102"
2025,44,Flight Risk,https://www.boxofficemojo.com/release/rl1365934081/?ref_=bo_yld_table_44,,,"$29,783,527","3,161"
2025,45,Warfare,https://www.boxofficemojo.com/release/rl1613266945/?ref_=bo_yld_table_45,,,"$26,000,309","2,670"
2025,46,M3GAN 2.0,https://www.boxofficemojo.com/release/rl1392018177/?ref_=bo_yld_table_46,,,"$24,101,280","3,133"
2025,47,Ne Zha 2,https://www.boxofficemojo.com/release/rl1613856769/?ref_=bo_yld_table_47,,,"$22,737,722","2,228"
2025,48,The Woman in the Yard,https://www.boxofficemojo.com/release/rl4048781313/?ref_=bo_yld_table_48,,,"$22,405,985","2,845"
2025,49,Black Bag,https://www.boxofficemojo.com/release/rl1400602625/?ref_=bo_yld_table_49,,,"$21,474,035","2,713"
2025,50,Nobody 2,https://www.boxofficemojo.com/release/rl511016961/?ref_=bo_yld_table_50,,,"$21,433,815","3,282"
2025,51,Death of a Unicorn,https://www.boxofficemojo.com/release/rl1646755841/?ref_=bo_yld_table_51,,,"$21,383,606","3,050"
2025,52,Together,https://www.boxofficemojo.com/release/rl1641644033/?ref_=bo_yld_table_52,,,"$21,256,063","2,302"
2025,53,Last Breath,https://www.boxofficemojo.com/release/rl4101275649/?ref_=bo_yld_table_53,,,"$21,051,180","3,090"
2025,54,Companion,https://www.boxofficemojo.com/release/rl3781722113/?ref_=bo_yld_table_54,,,"$20,809,101","3,285"
2025,55,Wolf Man,https://www.boxofficemojo.com/release/rl3494150145/?ref_=bo_yld_table_55,,,"$20,707,280","3,354"
2025,56,The Chosen: Last Supper,https://www.boxofficemojo.com/release/rl2486599681/?ref_=bo_yld_table_56,,,"$20,257,290","2,272"
2025,57,Until Dawn,https://www.boxofficemojo.com/release/rl923893761/?ref_=bo_yld_table_57,,,"$20,172,192","3,055"
2025,58,Novocaine,https://www.boxofficemojo.com/release/rl3662970881/?ref_=bo_yld_table_58,,,"$19,861,854","3,369"
2025,59,The Phoenician Scheme,https://www.boxofficemojo.com/release/rl2620358657/?ref_=bo_yld_table_59,,,"$19,555,015","1,731"
2025,60,Bring Her Back,https://www.boxofficemojo.com/release/rl3492904961/?ref_=bo_yld_table_60,,,"$19,323,752","2,449"
2025,61,Babygirl,https://www.boxofficemojo.com/release/rl2926346241/?ref_=bo_yld_table_61,,,"$19,010,237","2,164"
2025,62,KPop Demon Hunters,https://www.boxofficemojo.com/release/rl2363392001/?ref_=bo_yld_table_62,,,"$18,000,000","1,700"
2025,63,Drop,https://www.boxofficemojo.com/release/rl2439741441/?ref_=bo_yld_table_63,,,"$16,600,805","3,089"
2025,64,Friendship,https://www.boxofficemojo.com/release/rl3543236609/?ref_=bo_yld_table_64,,,"$16,228,274","1,293"
2025,65,Love Hurts,https://www.boxofficemojo.com/release/rl1868267521/?ref_=bo_yld_table_65,,,"$15,683,090","3,055"
2025,66,The Brutalist,https://www.boxofficemojo.com/release/rl856522753/?ref_=bo_yld_table_66,,,"$15,471,447","1,612"
2025,67,Caught Stealing,https://www.boxofficemojo.com/release/rl1210810369/?ref_=bo_yld_table_67,,,"$15,244,814","3,578"
2025,68,The Last Rodeo,https://www.boxofficemojo.com/release/rl1523089409/?ref_=bo_yld_table_68,,,"$15,201,659","2,205"
2025,69,The Roses,https://www.boxofficemojo.com/release/rl2537062401/?ref_=bo_yld_table_69,,,"$12,496,200","2,700"
2025,70,"Jaws
2025 Re-release (50th Anniversary)",https://www.boxofficemojo.com/release/rl1825800193/?ref_=bo_yld_table_70,,,"$12,450,030","3,200"
2025,71,The Chosen: Last Supper Part 2,https://www.boxofficemojo.com/release/rl3124461569/?ref_=bo_yld_table_71,,,"$12,372,228","2,313"
2025,72,The Chosen: Last Supper Part 3,https://www.boxofficemojo.com/release/rl3174793217/?ref_=bo_yld_table_72,,,"$11,742,410","2,297"
2025,73,"Hamilton
2025 Re-release",https://www.boxofficemojo.com/release/rl1457225729/?ref_=bo_yld_table_73,,,"$10,780,051","1,825"
2025,74,Becoming Led Zeppelin,https://www.boxofficemojo.com/release/rl1362067457/?ref_=bo_yld_table_74,,,"$10,403,354","1,039"
2025,75,Eddington,https://www.boxofficemojo.com/release/rl1111392257/?ref_=bo_yld_table_75,,,"$10,109,484","2,111"
2025,76,The Day the Earth Blew Up: A Looney Tunes Movie,https://www.boxofficemojo.com/release/rl305627137/?ref_=bo_yld_table_76,,,"$8,875,344","2,827"
2025,77,Sketch,https://www.boxofficemojo.com/release/rl3788275713/?ref_=bo_yld_table_77,,,"$8,092,304","2,157"
2025,78,Gladiator II,https://www.boxofficemojo.com/release/rl1778156289/?ref_=bo_yld_table_78,,,"$7,883,095","3,580"
2025,79,Clown in a Cornfield,https://www.boxofficemojo.com/release/rl605847553/?ref_=bo_yld_table_79,,,"$7,251,799","2,277"
2025,80,Presence,https://www.boxofficemojo.com/release/rl4127621121/?ref_=bo_yld_table_80,,,"$6,900,044","1,750"
2025,81,"Princess Mononoke
4K Restoration",https://www.boxofficemojo.com/release/rl339312641/?ref_=bo_yld_table_81,,,"$6,851,056",630
2025,82,Homestead,https://www.boxofficemojo.com/release/rl2557247489/?ref_=bo_yld_table_82,,,"$6,823,043","1,886"
2025,83,The Life of Chuck,https://www.boxofficemojo.com/release/rl4207640577/?ref_=bo_yld_table_83,,,"$6,712,600","1,072"
2025,84,The Last Supper,https://www.boxofficemojo.com/release/rl2523137/?ref_=bo_yld_table_84,,,"$6,564,857","1,575"
2025,85,The Unbreakable Boy,https://www.boxofficemojo.com/release/rl520323841/?ref_=bo_yld_table_85,,,"$6,443,813","1,717"
2025,86,Anora,https://www.boxofficemojo.com/release/rl779911169/?ref_=bo_yld_table_86,,,"$6,327,491","1,938"
2025,87,I'm Still Here,https://www.boxofficemojo.com/release/rl505839617/?ref_=bo_yld_table_87,,,"$6,205,848",762
2025,88,"Pride & Prejudice
20th Anniversary Re-Release",https://www.boxofficemojo.com/release/rl2050457601/?ref_=bo_yld_table_88,,,"$6,193,658","1,393"
2025,89,The Alto Knights,https://www.boxofficemojo.com/release/rl713917185/?ref_=bo_yld_table_89,,,"$6,103,664","2,651"
2025,90,Honey Don't!,https://www.boxofficemojo.com/release/rl1589673985/?ref_=bo_yld_table_90,,,"$5,766,960","1,338"
2025,91,Dan Da Dan: Evil Eye,https://www.boxofficemojo.com/release/rl2168094721/?ref_=bo_yld_table_91,,,"$5,637,078","1,085"
2025,92,Hurry Up Tomorrow,https://www.boxofficemojo.com/release/rl1327726593/?ref_=bo_yld_table_92,,,"$5,215,357","2,020"
2025,93,The Last Showgirl,https://www.boxofficemojo.com/release/rl3491856385/?ref_=bo_yld_table_93,,,"$4,799,804",946
2025,94,Brave the Dark,https://www.boxofficemojo.com/release/rl1730707457/?ref_=bo_yld_table_94,,,"$4,525,443","2,230"
2025,95,"Shin Godzilla
2025 Re-release",https://www.boxofficemojo.com/release/rl2345369601/?ref_=bo_yld_table_95,,,"$4,042,146","1,290"
2025,96,The Friend,https://www.boxofficemojo.com/release/rl1731756033/?ref_=bo_yld_table_96,,,"$3,941,217","1,237"
2025,97,Shadow Force,https://www.boxofficemojo.com/release/rl1160806401/?ref_=bo_yld_table_97,,,"$3,933,483","2,170"
2025,98,Colorful Stage! The Movie: A Miku Who Can't Sing,https://www.boxofficemojo.com/release/rl2200862721/?ref_=bo_yld_table_98,,,"$3,661,284",800
2025,99,Chhaava,https://www.boxofficemojo.com/release/rl1664188417/?ref_=bo_yld_table_99,,,"$3,620,000",497
2025,100,Fight or Flight,https://www.boxofficemojo.com/release/rl1680572417/?ref_=bo_yld_table_100,,,"$3,522,025","2,153"
2025,101,The Penguin Lessons,https://www.boxofficemojo.com/release/rl3191570433/?ref_=bo_yld_table_101,,,"$3,294,990","1,017"
2025,102,2025 Oscar Nominated Short Films: Live Action,https://www.boxofficemojo.com/release/rl2988605441/?ref_=bo_yld_table_102,,,"$3,275,477",500
2025,103,Jujutsu Kaisen: Hidden Inventory / Premature Death - The Movie,https://www.boxofficemojo.com/release/rl3301408769/?ref_=bo_yld_table_103,,,"$3,257,365","1,187"
2025,104,Hell of a Summer,https://www.boxofficemojo.com/release/rl1111130113/?ref_=bo_yld_table_104,,,"$3,182,678","1,255"
2025,105,Relay,https://www.boxofficemojo.com/release/rl1356824577/?ref_=bo_yld_table_105,,,"$3,164,481","1,483"
2025,106,Kraven the Hunter,https://www.boxofficemojo.com/release/rl259556097/?ref_=bo_yld_table_106,,,"$3,110,836","3,211"
2025,107,War 2,https://www.boxofficemojo.com/release/rl2496036865/?ref_=bo_yld_table_107,,,"$3,087,065",875
2025,108,The Fire Inside,https://www.boxofficemojo.com/release/rl2778432257/?ref_=bo_yld_table_108,,,"$3,071,970","2,032"
2025,109,Rule Breakers,https://www.boxofficemojo.com/release/rl104169473/?ref_=bo_yld_table_109,,,"$2,969,825","2,044"
2025,110,Attack on Titan the Movie: The Last Attack,https://www.boxofficemojo.com/release/rl4130111489/?ref_=bo_yld_table_110,,,"$2,890,192",525
2025,111,The Toxic Avenger,https://www.boxofficemojo.com/release/rl3695017985/?ref_=bo_yld_table_111,,,"$2,866,783","1,995"
2025,112,Dangerous Animals,https://www.boxofficemojo.com/release/rl2335277057/?ref_=bo_yld_table_112,,,"$2,738,137","1,636"
2025,113,Nickel Boys,https://www.boxofficemojo.com/release/rl677871617/?ref_=bo_yld_table_113,,,"$2,621,373",540
2025,114,"Pink Floyd: Live at Pompeii
2025 Re-release",https://www.boxofficemojo.com/release/rl4089479169/?ref_=bo_yld_table_114,,,"$2,620,076",678
2025,115,Flow,https://www.boxofficemojo.com/release/rl922845185/?ref_=bo_yld_table_115,,,"$2,559,772",377
2025,116,No Other Land,https://www.boxofficemojo.com/release/rl1630044161/?ref_=bo_yld_table_116,,,"$2,549,146",140
2025,117,Light of the World,https://www.boxofficemojo.com/release/rl3206709249/?ref_=bo_yld_table_117,,,"$2,537,335","2,075"
2025,118,The Legend of Ochi,https://www.boxofficemojo.com/release/rl2802876417/?ref_=bo_yld_table_118,,,"$2,475,373","1,153"
2025,119,Coolie,https://www.boxofficemojo.com/release/rl3688660993/?ref_=bo_yld_table_119,,,"$2,450,000",800
2025,120,"Sorry, Baby",https://www.boxofficemojo.com/release/rl171540481/?ref_=bo_yld_table_120,,,"$2,347,089",338
2025,121,September 5,https://www.boxofficemojo.com/release/rl2383183873/?ref_=bo_yld_table_121,,,"$2,291,572",398
2025,122,The Room Next Door,https://www.boxofficemojo.com/release/rl1327661057/?ref_=bo_yld_table_122,,,"$2,274,576",861
2025,123,Detective Chinatown 1900,https://www.boxofficemojo.com/release/rl875593729/?ref_=bo_yld_table_123,,,"$2,229,946",229
2025,124,"Dogma
Dogma: Resurrected! A 25th Anniversary Celebration",https://www.boxofficemojo.com/release/rl3812458497/?ref_=bo_yld_table_124,,,"$2,193,805","1,039"
2025,125,The Wedding Banquet,https://www.boxofficemojo.com/release/rl3996286977/?ref_=bo_yld_table_125,,,"$2,090,228","1,142"
2025,126,"Oh, Hi!",https://www.boxofficemojo.com/release/rl2329313281/?ref_=bo_yld_table_126,,,"$2,080,943",866
2025,127,Game Changer,https://www.boxofficemojo.com/release/rl3559358465/?ref_=bo_yld_table_127,,,"$2,060,000",800
2025,128,Opus,https://www.boxofficemojo.com/release/rl1461944321/?ref_=bo_yld_table_128,,,"$1,993,397","1,764"
2025,129,Better Man,https://www.boxofficemojo.com/release/rl3881074689/?ref_=bo_yld_table_129,,,"$1,937,937","1,291"
2025,130,Jane Austen Wrecked My Life,https://www.boxofficemojo.com/release/rl1741193217/?ref_=bo_yld_table_130,,,"$1,900,978",526
2025,131,In the Lost Lands,https://www.boxofficemojo.com/release/rl4246241281/?ref_=bo_yld_table_131,,,"$1,870,305","1,370"
2025,132,Riff Raff,https://www.boxofficemojo.com/release/rl2603843585/?ref_=bo_yld_table_132,,,"$1,862,519","1,004"
2025,133,Night of the Zoopocalypse,https://www.boxofficemojo.com/release/rl4195123201/?ref_=bo_yld_table_133,,,"$1,859,218","1,425"
2025,134,Creation of the Gods II: Demon Force,https://www.boxofficemojo.com/release/rl338067457/?ref_=bo_yld_table_134,,,"$1,853,487",200
2025,135,Kuberaa,https://www.boxofficemojo.com/release/rl1070694401/?ref_=bo_yld_table_135,,,"$1,750,000",500
2025,136,Green and Gold,https://www.boxofficemojo.com/release/rl1696104449/?ref_=bo_yld_table_136,,,"$1,719,105",921
2025,137,Locked,https://www.boxofficemojo.com/release/rl2838200321/?ref_=bo_yld_table_137,,,"$1,632,758",971
2025,138,The Ballad of Wallis Island,https://www.boxofficemojo.com/release/rl3710287873/?ref_=bo_yld_table_138,,,"$1,607,835",423
2025,139,The Home,https://www.boxofficemojo.com/release/rl2580971521/?ref_=bo_yld_table_139,,,"$1,576,983","1,015"
2025,140,Eden,https://www.boxofficemojo.com/release/rl2553970689/?ref_=bo_yld_table_140,,,"$1,572,218",664
2025,141,Saiyaara,https://www.boxofficemojo.com/release/rl2346090497/?ref_=bo_yld_table_141,,,"$1,559,024",295
2025,142,Highest 2 Lowest,https://www.boxofficemojo.com/release/rl3335553025/?ref_=bo_yld_table_142,,,"$1,500,000",100
2025,143,Bad Shabbos,https://www.boxofficemojo.com/release/rl3340533761/?ref_=bo_yld_table_143,,,"$1,437,340",43
2025,144,"It's Never Over, Jeff Buckley",https://www.boxofficemojo.com/release/rl500858881/?ref_=bo_yld_table_144,,,"$1,383,270",195
2025,145,October 8,https://www.boxofficemojo.com/release/rl1512800257/?ref_=bo_yld_table_145,,,"$1,368,458",127
2025,146,The Damned,https://www.boxofficemojo.com/release/rl1343389697/?ref_=bo_yld_table_146,,,"$1,342,796",732
2025,147,The Surfer,https://www.boxofficemojo.com/release/rl1036156929/?ref_=bo_yld_table_147,,,"$1,306,597",884
2025,148,Conclave,https://www.boxofficemojo.com/release/rl3898179585/?ref_=bo_yld_table_148,,,"$1,290,950","2,377"
2025,149,My Dead Friend Zoe,https://www.boxofficemojo.com/release/rl2289270785/?ref_=bo_yld_table_149,,,"$1,250,703",780
2025,150,Valiant One,https://www.boxofficemojo.com/release/rl1478918145/?ref_=bo_yld_table_150,,,"$1,236,630","1,275"
2025,151,Mobile Suit Gundam GQuuuuuuX: Beginning,https://www.boxofficemojo.com/release/rl254377985/?ref_=bo_yld_table_151,,,"$1,223,881",784
2025,152,Splitsville,https://www.boxofficemojo.com/release/rl985825281/?ref_=bo_yld_table_152,,,"$1,216,830",800
2025,153,Magazine Dreams,https://www.boxofficemojo.com/release/rl3347677953/?ref_=bo_yld_table_153,,,"$1,166,243",815
2025,154,Housefull 5,https://www.boxofficemojo.com/release/rl3083698177/?ref_=bo_yld_table_154,,,"$1,152,549",465
2025,155,The Substance,https://www.boxofficemojo.com/release/rl2684977153/?ref_=bo_yld_table_155,,,"$1,137,741","1,949"
2025,156,Ash,https://www.boxofficemojo.com/release/rl3659628545/?ref_=bo_yld_table_156,,,"$1,083,743","1,136"
2025,157,"This Is Spinal Tap
41st Anniversary",https://www.boxofficemojo.com/release/rl3536158721/?ref_=bo_yld_table_157,,,"$1,069,737","1,015"
2025,158,"Brokeback Mountain
20th anniversary",https://www.boxofficemojo.com/release/rl1841528833/?ref_=bo_yld_table_158,,,"$1,068,055",754
2025,159,On Swift Horses,https://www.boxofficemojo.com/release/rl4257251329/?ref_=bo_yld_table_159,,,"$1,030,558",755
2025,160,The Unholy Trinity,https://www.boxofficemojo.com/release/rl3737944065/?ref_=bo_yld_table_160,,,"$996,456",771
2025,161,CatVideoFest 2025,https://www.boxofficemojo.com/release/rl3889332225/?ref_=bo_yld_table_161,,,"$962,451",199
2025,162,HIT: The 3rd Case,https://www.boxofficemojo.com/release/rl3099754497/?ref_=bo_yld_table_162,,,"$955,000",590
2025,163,Sneaks,https://www.boxofficemojo.com/release/rl1529249793/?ref_=bo_yld_table_163,,,"$916,022","1,500"
2025,164,"Seven
2025 Re-release",https://www.boxofficemojo.com/release/rl690257921/?ref_=bo_yld_table_164,,,"$915,000",200
2025,165,My Mother's Wedding,https://www.boxofficemojo.com/release/rl3899393/?ref_=bo_yld_table_165,,,"$907,785",402
2025,166,A Nice Indian Boy,https://www.boxofficemojo.com/release/rl3006365697/?ref_=bo_yld_table_166,,,"$906,315",81
2025,167,Rosario,https://www.boxofficemojo.com/release/rl2671411201/?ref_=bo_yld_table_167,,,"$866,466",794
2025,168,Secret Mall Apartment,https://www.boxofficemojo.com/release/rl2587262977/?ref_=bo_yld_table_168,,,"$849,145",72
2025,169,Harbin,https://www.boxofficemojo.com/release/rl1176403969/?ref_=bo_yld_table_169,,,"$848,132",70
2025,170,"Black Swan
2025 Re-release",https://www.boxofficemojo.com/release/rl2413723649/?ref_=bo_yld_table_170,,,"$815,580",200
2025,171,Hard Truths,https://www.boxofficemojo.com/release/rl1831305217/?ref_=bo_yld_table_171,,,"$808,122",542
2025,172,Cleaner,https://www.boxofficemojo.com/release/rl505184257/?ref_=bo_yld_table_172,,,"$794,091",381
2025,173,Guru Nanak Jahaz,https://www.boxofficemojo.com/release/rl4089610241/?ref_=bo_yld_table_173,,,"$793,000",119
2025,174,j-hope Tour 'Hope on the Stage' in Japan: Live Viewing,https://www.boxofficemojo.com/release/rl2160295937/?ref_=bo_yld_table_174,,,"$789,173",631
2025,175,"In the Mood for Love
25th Anniversary",https://www.boxofficemojo.com/release/rl2496299009/?ref_=bo_yld_table_175,,,"$781,601",24
2025,176,40 Acres,https://www.boxofficemojo.com/release/rl3839000577/?ref_=bo_yld_table_176,,,"$768,905",340
2025,177,The Shrouds,https://www.boxofficemojo.com/release/rl1042972673/?ref_=bo_yld_table_177,,,"$755,935",279
2025,178,Cheech & Chong's Last Movie,https://www.boxofficemojo.com/release/rl2402189313/?ref_=bo_yld_table_178,,,"$750,396",832
2025,179,The American Miracle,https://www.boxofficemojo.com/release/rl1329496065/?ref_=bo_yld_table_179,,,"$725,556",801
2025,180,The Wild Robot,https://www.boxofficemojo.com/release/rl3443949569/?ref_=bo_yld_table_180,,,"$711,500","3,997"
2025,181,"Sing Sing
2025 Re-release",https://www.boxofficemojo.com/release/rl1814528001/?ref_=bo_yld_table_181,,,"$707,265",560
2025,182,Sacramento,https://www.boxofficemojo.com/release/rl1110212609/?ref_=bo_yld_table_182,,,"$706,033",241
2025,183,Legends of the Condor Heroes: The Gallants,https://www.boxofficemojo.com/release/rl909148161/?ref_=bo_yld_table_183,,,"$671,343",200
2025,184,A Real Pain,https://www.boxofficemojo.com/release/rl3277815809/?ref_=bo_yld_table_184,,,"$668,112","1,185"
2025,185,Queen of the Ring,https://www.boxofficemojo.com/release/rl2804449281/?ref_=bo_yld_table_185,,,"$657,661",825
2025,186,Don't Let's Go to the Dogs Tonight,https://www.boxofficemojo.com/release/rl114589697/?ref_=bo_yld_table_186,,,"$636,653",307
2025,187,East of Wall,https://www.boxofficemojo.com/release/rl987332609/?ref_=bo_yld_table_187,,,"$634,253",626
2025,188,The Seed of the Sacred Fig,https://www.boxofficemojo.com/release/rl571047937/?ref_=bo_yld_table_188,,,"$616,604",250
2025,189,The Threesome,https://www.boxofficemojo.com/release/rl935755777/?ref_=bo_yld_table_189,,,"$590,632",402
2025,190,The Colors Within,https://www.boxofficemojo.com/release/rl1896775681/?ref_=bo_yld_table_190,,,"$557,116",570
2025,191,Bob Trevino Likes It,https://www.boxofficemojo.com/release/rl54099969/?ref_=bo_yld_table_191,,,"$534,372",180
2025,192,The Encampments,https://www.boxofficemojo.com/release/rl1849393153/?ref_=bo_yld_table_192,,,"$533,364",51
2025,193,The Ritual,https://www.boxofficemojo.com/release/rl3811475457/?ref_=bo_yld_table_193,,,"$527,118",563
2025,194,Eephus,https://www.boxofficemojo.com/release/rl3257237505/?ref_=bo_yld_table_194,,,"$525,877",82
2025,195,Twinless,https://www.boxofficemojo.com/release/rl4007231489/?ref_=bo_yld_table_195,,,"$506,753",568
2025,196,Mission: Impossible - Dead Reckoning Part One,https://www.boxofficemojo.com/release/rl1896449537/?ref_=bo_yld_table_196,,,"$505,597","4,327"
2025,197,Kaiju No. 8: Mission Recon,https://www.boxofficemojo.com/release/rl2218426369/?ref_=bo_yld_table_197,,,"$503,786",496
2025,198,My Love Will Make You Disappear,https://www.boxofficemojo.com/release/rl2369421313/?ref_=bo_yld_table_198,,,"$500,000",225
2025,199,UFC 319: du Plessis vs. Chimaev in COSM Shared Reality,https://www.boxofficemojo.com/release/rl2698674177/?ref_=bo_yld_table_199,,,"$478,675",472
2025,200,"Parasite
2025 Re-release",https://www.boxofficemojo.com/release/rl2083225601/?ref_=bo_yld_table_200,,,"$478,148",193
